Department,Product Title,Raw Price
Accessories,COZONI Molly Cat House,159.00
Accessories,COZONI Magazine Rack,128.00
Accessories,COZONI Cheese Floor Mirror,728.00
Accessories,COZONI Wavy Floor Mirror,799.00
Accessories,COZONI Folding Step Ladder,199.00
Accessories,COZONI Petal Umbrella Stand,139.00
Accessories,COZONI Triangle Umbrella Stand,109.00
Accessories,COZONI Isabella Room Divider - 3 Panel screen,1499.00
Accessories,COZONI | GIFT CARD,50.00
Armchairs,Dumbo Armchair,598.00
Armchairs,COZONI Orion Upholstered Lounge Chair,1099.00
Armchairs,COZONI Ken Lounge Chair - Genuine Leather,1999.00
Armchairs,COZONI Folding Armchair,299.00
Armchairs,COZONI Fred Swivel Armchair Set of 2,2199.00
Armchairs,COZONI Stella Boucle Swivel Chair,309.00
Armchairs,COZONI Brandee Armchair,1169.00
Armchairs,COZONI Theo Armchair,1198.00
Armchairs,COZONI Blake Lounge Chair,1098.00
Armchairs,COZONI Alexander Armchair,999.00
Armchairs,COZONI Alexander Sofa - 2 Seater,1399.00
Armchairs,COZONI Brooklyn Armchair,999.00
Armchairs,COZONI Freya Rocking Chair,899.00
Armchairs,COZONI Ken Lounge Chair,1399.00
Armchairs,COZONI Flora Swivel Chair,399.00
Armchairs,COZONI Dove Velvet Armchair,1399.00
Armchairs,COZONI Donte Armchair,1598.00
Armchairs,COZONI Eltham Lounge Chair,2798.00
Armchairs,COZONI Ape Stackable Armchair,299.00
Armchairs,COZONI Winston Armchair Set of 2,1999.00
Armchairs,COZONI Lionel Armchair,1799.00
Armchairs,COZONI Nolan Armchair,599.00
Armchairs,COZONI Winston 2 Seater Lounge Chair,1699.00
Bar Stools,COZONI Cleary Bar Stool,229.00
Bar Stools,COZONI Lemos Bar Stool,499.00
Bar Stools,COZONI Cooper Bar Stool 29.8'',399.00
Bar Stools,COZONI Landon Bar Stool,389.00
Bar Stools,COZONI Rita Dining Bar Stool,399.00
Bar Stools,COZONI Evan Bar Stool,189.00
Bar Stools,COZONI Noah Bar Stool,259.00
Bar Stools,COZONI Zane Bar Stool,189.00
Bar Stools,COZONI Dorian Bar Stool,319.00
Bar Stools,COZONI Renato Stackable Counter Stool Set of 2,259.00
Bar Stools,COZONI Pedro Bar Stool,199.00
Best Sellers,COZONI Bob Trolley,299.00
Best Sellers,COZONI Outdoor Kid‘s Table,359.00
Best Sellers,COZONI Knox Drawers,279.00
Best Sellers,COZONI Avery Dining Chair,229.00
Best Sellers,COZONI Modular Narro Shelving Unit,258.00
Best Sellers,COZONI Raymond Dining Chair,479.00
Best Sellers,COZONI Callie Side Table,399.00
Best Sellers,COZONI Outdoor Kid‘s Chair,89.00
Best Sellers,COZONI Modular Drawer Unit On Wheels,279.00
Best Sellers,COZONI Hourglass Stool,79.00
Best Sellers,COZONI Nirvana Modular Sofa,1299.00
Best Sellers,COZONI Silas Stool,99.00
Best Sellers,COZONI Cleary Dining Chair Set of 2,399.00
Best Sellers,COZONI Folding Step Ladder,199.00
Best Sellers,COZONI Rafa Bedside Table,299.00
Best Sellers,COZONI Nela Bench Seat,319.00
Best Sellers,COZONI Round Storage Unit - 3 Tier,99.00
Best Sellers,COZONI Folding Stool,179.00
Best Sellers,COZONI Emery Side Table,299.00
Best Sellers,COZONI Lemos Dining Chair Set of 2,698.00
Best Sellers,COZONI Reed 3 Drawer Set,139.00
Best Sellers,COZONI Marva Stool,79.00
Best Sellers,COZONI Nico Rolling Cabinet,189.00
Best Sellers,COZONI Anthropomorphic Chair Set of 2,499.00
Best Sellers,COZONI Set of 4 Petal Stools,189.00
Best Sellers,COZONI Reine Stool,99.00
Best Sellers,COZONI Lole Stool,49.00
Best Sellers,COZONI Cheese Floor Mirror,728.00
Best Sellers,COZONI Magazine Rack,128.00
Best Sellers,COZONI Stella Boucle Swivel Chair,309.00
Best Sellers,COZONI Selene Coffee Table,498.00
Best Sellers,COZONI TAP Chair,199.00
Best Sellers,COZONI Lemos Coffee Table,429.00
Best Sellers,COZONI Cube Side Table,199.00
Best Sellers,COZONI Orion Sofa,1698.00
Best Sellers,COZONI Checkerboard Stool,499.00
Best Sellers,COZONI Boyd Stool,99.00
Best Sellers,COZONI Fred Swivel Armchair Set of 2,2199.00
Best Sellers,COZONI Egbert Sideboard - 6 Drawers,2199.00
Best Sellers,COZONI Ellison Armchair Set of 2,1899.00
Best Sellers,COZONI Wayne Modular Sofa - Dark Green,719.00
Best Sellers,COZONI Colin Dining Chair,399.00
Best Sellers,COZONI Venosa Sofa,1599.00
Best Sellers,COZONI Freya Rocking Chair,899.00
Best Sellers,COZONI Milo Modular Sofa,1799.00
Best Sellers,COZONI Nela Stool,399.00
Best Sellers,COZONI Mateo TV Unit,1999.00
Best Sellers,COZONI Wayne Modular Sofa - Ivory,719.00
Best Sellers,COZONI Blaine Sectional Sofa,899.00
Best Sellers,COZONI Egbert Bedside Table,599.00
Best Sellers,COZONI Marsden Dining Chair,399.00
Best Sellers,COZONI Wavy Floor Mirror,799.00
Best Sellers,COZONI Brynn Table,1999.00
Best Sellers,COZONI Romeo Modular Sofa,2699.00
Best Sellers,COZONI Orion Upholstered Lounge Chair,1099.00
Best Sellers,COZONI Egbert Sideboard,2199.00
Best Sellers,COZONI Maya Side Table,399.00
Best Sellers,Dumbo Armchair,598.00
Best Sellers,COZONI Cassius Nightstand,559.00
Best Sellers,COZONI Lionel Armchair,1799.00
Best Sellers,COZONI | GIFT CARD,50.00
Best Sellers,COZONI Solomon Dining Chair,399.00
Best Sellers,COZONI Finn Sofa,1589.00
Best Sellers,COZONI Stackable 2-Drawer Trolley,99.00
Best Sellers,COZONI Organ Stool,399.00
Best Sellers,COZONI Shane Lounge Chair,1099.00
Best Sellers,COZONI Blake Lounge Chair,1098.00
Best Sellers,COZONI Vemb Bench Seat,499.00
Best Sellers,COZONI Cleo Food Trolley | Bar Cart,239.00
Best Sellers,COZONI Aubrey Modular Sofa,1299.00
Best Sellers,COZONI Doric Round Table,1799.00
Best Sellers,COZONI Mateo Sideboard,2499.00
Best Sellers,COZONI Amy Ottoman - Leather,399.00
Best Sellers,COZONI Checkerboard Side Table,498.00
Best Sellers,COZONI Marka Round Outdoor Side Table,179.00
Best Sellers,COZONI Winston Armchair Set of 2,1999.00
Best Sellers,COZONI Luis Dining Table,1199.00
Best Sellers,Dumbo Kids Chair,99.00
Best Sellers,COZONI Roel Working Desk,1798.00
Best Sellers,COZONI Isabella Room Divider - 3 Panel screen,1499.00
Best Sellers,COZONI Evan Bar Stool,189.00
Best Sellers,COZONI Otto Privacy Lounge Sofa,1999.00
Best Sellers,COZONI Frank Side Table with Magazine holder,399.00
Best Sellers,COZONI Hazel Stackable Dining Chair Set of 2,399.00
Best Sellers,COZONI Finley Office Chair,259.00
Best Sellers,COZONI Zion TV Unit,2998.00
Best Sellers,COZONI Cora Dining Table,2390.00
Best Sellers,COZONI Checkerboard Bench Seat,799.00
Best Sellers,COZONI Ethan Dining Table,2099.00
Best Sellers,COZONI Ape Stackable Armchair,299.00
Best Sellers,COZONI Regal Dining Chair,598.00
Best Sellers,COZONI Tulip Stackable Dining Chair Set of 2,359.00
Best Sellers,COZONI Flora Swivel Chair,399.00
Best Sellers,COZONI Basil Coffee Table,1389.00
Best Sellers,COZONI Elsa TV Unit,2199.00
Best Sellers,COZONI Seno Side Table,659.00
Best Sellers,COZONI Organ Bench Seat,599.00
Best Sellers,COZONI Baroque Dining Table,1699.00
Best Sellers,COZONI Mesh Bucket Dining Chair - Set of 4,499.00
Best Sellers,COZONI Kami Stackable Dining Chair Set of 2,399.00
Best Sellers,COZONI Miles Dining Chair,369.00
Best Sellers,COZONI Casey Side Table,759.00
Best Sellers,COZONI Russell Dining Chair,399.00
Best Sellers,COZONI Kelsey Dining Chair,259.00
Best Sellers,COZONI Nolan Armchair,599.00
Best Sellers,COZONI Hedda Stackable Dining Chair Set of 2,359.00
Best Sellers,COZONI Winston 2 Seater Lounge Chair,1699.00
Best Sellers,COZONI Etta Dining Chair,399.00
Best Sellers,COZONI Hyman Round Bar Table,399.00
Best Sellers,COZONI Hyman Square Dining Table,399.00
Best Sellers,COZONI Farrah Dining Chair,399.00
Best Sellers,COZONI Lana Round Outdoor Table,399.00
Best Sellers,COZONI Callum Dining Chair Set of 2,459.00
Best Sellers,COZONI Molly Cat House,159.00
Best Sellers,COZONI Vernon Bedside Table,598.00
Best Sellers,COZONI Bottoni Side Table,398.00
Best Sellers,COZONI Pavo Privacy Lounge Chair,1899.00
Best Sellers,COZONI Lance Upholstered Office Chair,259.00
Best Sellers,COZONI Elwin Rotating Side Table,499.00
Best Sellers,COZONI Galena Sofa,2399.00
Best Sellers,COZONI Cello 2 Seater Sofa,1389.00
Best Sellers,COZONI Elton Shelving Unit,999.00
Best Sellers,COZONI Lindsey Dining Chair Set of 2,399.00
Best Sellers,COZONI Biancca Swivel Lounge Chair,1499.00
Best Sellers,COZONI Dorian Bar Stool,319.00
Best Sellers,COZONI Dorian Stackable Dining Chair Set of 2,559.00
Best Sellers,COZONI Carter Stackable Dining Chair Set of 2,319.00
Best Sellers,COZONI Riley Dining Chair,369.00
Best Sellers,COZONI Cleary Bar Stool,229.00
Best Sellers,COZONI Renato Stackable Counter Stool Set of 2,259.00
Best Sellers,COZONI Milo Stackable Dining Chair,199.00
Best Sellers,COZONI Sorrento Sofa,1999.00
Best Sellers,COZONI Yvette Dining Chair Set of 2,368.00
Best Sellers,COZONI Zosia Dining Chair Set of 2,368.00
Best Sellers,COZONI Kenneth Side Table,249.00
Best Sellers,COZONI Elon Dining Chair,498.00
Best Sellers,COZONI Concord Office Chair with Natural Timber Legs,299.00
Best Sellers,COZONI Rocky Modules Sofa,799.00
Best Sellers,COZONI Caspian 3 Seater Leather Sofa,4999.00
Best Sellers,COZONI Pedro Bar Stool,199.00
Chairs,COZONI Lemos Dining Chair Set of 2,698.00
Chairs,COZONI Ellison Armchair Set of 2,1899.00
Chairs,COZONI Fred Swivel Armchair Set of 2,2199.00
Chairs,COZONI Colin Dining Chair,399.00
Chairs,COZONI Anthropomorphic Chair Set of 2,499.00
Chairs,COZONI Blake Lounge Chair,1098.00
Chairs,COZONI Hazel Stackable Dining Chair Set of 2,399.00
Chairs,COZONI Solomon Dining Chair,399.00
Chairs,COZONI Stella Boucle Swivel Chair,309.00
Chairs,COZONI Regal Dining Chair,598.00
Chairs,COZONI Rex Dining Chair,399.00
Chairs,COZONI TAP Chair,199.00
Chairs,COZONI Raymond Dining Chair,479.00
Chairs,COZONI Freya Rocking Chair,899.00
Chairs,COZONI Reese Stackable Dining Chair Set of 2,359.00
Chairs,COZONI Meade Dining Chair,349.00
Chairs,COZONI Ape Stackable Armchair,299.00
Chairs,COZONI Winston Armchair Set of 2,1999.00
Chairs,COZONI Mesh Bucket Dining Chair - Set of 4,499.00
Chairs,COZONI Miles Dining Chair,369.00
Chairs,COZONI Lionel Armchair,1799.00
Chairs,COZONI Harvey Dining Chair,199.00
Chairs,Dumbo Armchair,598.00
Chairs,COZONI Alexander Armchair,999.00
Chairs,COZONI Nolan Dining Chair,319.00
Chairs,COZONI Marsden Dining Chair,399.00
Chairs,COZONI Nemo Dining Chair with Natural Timber Legs,219.00
Chairs,COZONI Calvin Chair,199.00
Chairs,COZONI Simona Dining Chair,379.00
Chairs,COZONI Brandee Armchair,1169.00
Chairs,COZONI Nemo Office Chair,259.00
Chairs,COZONI Brooklyn Armchair,999.00
Chairs,COZONI Theo Armchair,1198.00
Chairs,COZONI Folding Stool,179.00
Chairs,COZONI Lucas Dining Chair,399.00
Chairs,COZONI Folding Armchair,299.00
Chairs,COZONI Fabian Outdoor Stackable Dining Chair Set of 2,359.00
Chairs,COZONI Ian Dining Chair,359.00
Chairs,COZONI Alexander Sofa - 2 Seater,1399.00
Chairs,COZONI Jasper Office Chair,339.00
Chairs,COZONI Flora Swivel Chair,399.00
Chairs,COZONI Ken Lounge Chair,1399.00
Chairs,COZONI Sawyer Dining Chair,349.00
Chairs,COZONI Dove Velvet Armchair,1399.00
Chairs,COZONI Cameron Bench Seat,629.00
Chairs,COZONI Ford Dining Chair,219.00
Chairs,COZONI Lemos Stool,259.00
Chairs,COZONI Kaito Knot Dining Chair,499.00
Chairs,COZONI Lance Dining Chair,219.00
Chairs,COZONI Tara Dining Chair,349.00
Chairs,COZONI Tulip Stackable Dining Chair Set of 2,359.00
Chairs,COZONI Donte Armchair,1598.00
Chairs,COZONI Eltham Lounge Chair,2798.00
Chairs,COZONI Lance Dining Chair - Full Upholstery,268.00
Chairs,COZONI Noah Bar Stool,259.00
Chairs,COZONI Kami Stackable Dining Chair Set of 2,399.00
Chairs,COZONI Hourglass Stool,79.00
Chairs,COZONI Silas Stool,99.00
Chairs,COZONI Shane Lounge Chair,1099.00
Chairs,COZONI Russell Dining Chair,399.00
Chairs,COZONI Kelsey Dining Chair,259.00
Chairs,COZONI Nolan Armchair,599.00
Chairs,COZONI Hedda Stackable Dining Chair Set of 2,359.00
Chairs,COZONI Winston 2 Seater Lounge Chair,1699.00
Chairs,COZONI Etta Dining Chair,399.00
Chairs,COZONI Farrah Dining Chair,399.00
Chairs,COZONI Lance Office Chair Set of 2,359.00
Chairs,COZONI Olsen Dining Chair,399.00
Chairs,COZONI Callum Dining Chair Set of 2,459.00
Chairs,COZONI Pavo Privacy Lounge Chair,1899.00
Chairs,COZONI Lance Upholstered Office Chair,259.00
Chairs,COZONI Lindsey Dining Chair Set of 2,399.00
Chairs,COZONI Biancca Swivel Lounge Chair,1499.00
Chairs,COZONI Dorian Bar Stool,319.00
Chairs,COZONI Dorian Stackable Dining Chair Set of 2,559.00
Chairs,COZONI Carter Stackable Dining Chair Set of 2,319.00
Chairs,COZONI Bruno Office Chair,239.00
Chairs,COZONI Riley Dining Chair,369.00
Chairs,COZONI Cleary Dining Chair Set of 2,399.00
Chairs,COZONI Cleary Bar Stool,229.00
Chairs,COZONI Avery Dining Chair,229.00
Chairs,COZONI Renato Stackable Counter Stool Set of 2,259.00
Chairs,COZONI Milo Stackable Dining Chair,199.00
Chairs,COZONI Yvette Dining Chair Set of 2,368.00
Chairs,COZONI Zosia Dining Chair Set of 2,368.00
Chairs,COZONI Elon Dining Chair,498.00
Chairs,COZONI Concord Office Chair with Natural Timber Legs,299.00
Chairs,COZONI Pedro Bar Stool,199.00
Coffee Tables,COZONI Lemos Coffee Table,429.00
Coffee Tables,COZONI Selene Coffee Table,498.00
Coffee Tables,COZONI Pamela Round Coffee Table,1099.00
Coffee Tables,COZONI David Coffee Table,499.00
Coffee Tables,COZONI Seno Side Table,659.00
Coffee Tables,COZONI Marka Round Outdoor Side Table,179.00
Coffee Tables,COZONI Vanessa Coffee Table,1599.00
Coffee Tables,COZONI Luis Coffee Table,859.00
Coffee Tables,COZONI Beau Coffee Table,1098.00
Coffee Tables,COZONI Lino Coffee Table,850.00
Coffee Tables,COZONI Basil Coffee Table,1389.00
Coffee Tables,COZONI Ballo Coffee Table,1398.00
Coffee Tables,COZONI Stack Coffee Table,2298.00
Coffee Tables,COZONI Casey Side Table,759.00
Coffee Tables,COZONI Hyman Round Bar Table,399.00
Coffee Tables,COZONI Hyman Square Dining Table,399.00
Coffee Tables,COZONI Bottoni Side Table,398.00
Console Tables,COZONI Modular Narro Shelving Unit,258.00
Desks,COZONI Hyman Round Bar Table,399.00
Desks,COZONI Lana Round Outdoor Table,399.00
Desks,COZONI Hyman Square Dining Table,399.00
Desks,COZONI Marka Round Outdoor Side Table,179.00
Desks,COZONI Ethan Dining Table,2099.00
Desks,COZONI Cora Dining Table,2390.00
Desks,COZONI Roel Working Desk,1798.00
Desks,COZONI Rowan Dining Table,2349.00
Desks,COZONI Benjamin Dining Table,1698.00
Dining,COZONI Doric Round Table,1799.00
Dining,COZONI Baroque Dining Table,1699.00
Dining,COZONI Rex Dining Chair,399.00
Dining,COZONI Simona Dining Chair,379.00
Dining,COZONI Anthropomorphic Chair Set of 2,499.00
Dining,COZONI Mateo Sideboard,2499.00
Dining,COZONI Lemos Bar Stool,499.00
Dining,COZONI Ethan Dining Table,2099.00
Dining,COZONI Mesh Bucket Dining Chair - Set of 4,499.00
Dining,COZONI Zion 4 Door Sideboard,3298.00
Dining,COZONI Harvey Dining Chair,199.00
Dining,COZONI Calvin Chair,199.00
Dining,COZONI Luis Dining Table,1199.00
Dining,COZONI Nolan Dining Chair,319.00
Dining,COZONI Folding Armchair,299.00
Dining,COZONI TAP Chair,199.00
Dining,COZONI Rowan Dining Table,2349.00
Dining,COZONI Folding Stool,179.00
Dining,COZONI Zane Bar Stool,189.00
Dining,COZONI Regal Dining Chair,598.00
Dining,COZONI Ian Dining Chair,359.00
Dining,COZONI Nemo Office Chair,259.00
Dining,COZONI Zion 2 Door Sideboard,2580.00
Dining,COZONI Lucas Dining Chair,399.00
Dining,COZONI Meade Dining Chair,349.00
Dining,COZONI Emery Side Table,299.00
Dining,COZONI Cora Dining Table,2390.00
Dining,COZONI Hazel Stackable Dining Chair Set of 2,399.00
Dining,COZONI Rita Dining Bar Stool,399.00
Dining,COZONI Evan Bar Stool,189.00
Dining,COZONI Cooper Bar Stool 29.8'',399.00
Dining,COZONI Landon Bar Stool,389.00
Dining,COZONI Benjamin Dining Table,1698.00
Dining,COZONI Tara Dining Chair,349.00
Dining,COZONI Sawyer Dining Chair,349.00
Dining,COZONI Lemos Dining Chair Set of 2,698.00
Dining,COZONI Nemo Dining Chair with Natural Timber Legs,219.00
Dining,COZONI Miles Dining Chair,369.00
Dining,COZONI Ford Dining Chair,219.00
Dining,COZONI Kaito Knot Dining Chair,499.00
Dining,COZONI Lance Dining Chair,219.00
Dining,COZONI Lance Dining Chair - Full Upholstery,268.00
Dining,COZONI Lemos Stool,259.00
Dining,COZONI Raymond Dining Chair,479.00
Dining,COZONI Noah Bar Stool,259.00
Dining,COZONI Marsden Dining Chair,399.00
Dining,COZONI Kami Stackable Dining Chair Set of 2,399.00
Dining,COZONI Solomon Dining Chair,399.00
Dining,COZONI Reese Stackable Dining Chair Set of 2,359.00
Dining,COZONI Colin Dining Chair,399.00
Dining,COZONI Egbert Sideboard,2199.00
Dining,COZONI Russell Dining Chair,399.00
Dining,COZONI Kelsey Dining Chair,259.00
Dining,COZONI Nolan Armchair,599.00
Dining,COZONI Winston 2 Seater Lounge Chair,1699.00
Dining,COZONI Etta Dining Chair,399.00
Dining,COZONI Hyman Round Bar Table,399.00
Dining,COZONI Hyman Square Dining Table,399.00
Dining,COZONI Lemos Coffee Table,429.00
Dining,COZONI Farrah Dining Chair,399.00
Dining,COZONI Lana Round Outdoor Table,399.00
Dining,COZONI Olsen Dining Chair,399.00
Dining,COZONI Elwin Rotating Side Table,499.00
Dining,COZONI Cello 2 Seater Sofa,1389.00
Dining,COZONI Lindsey Dining Chair Set of 2,399.00
Dining,COZONI Dorian Stackable Dining Chair Set of 2,559.00
Dining,COZONI Carter Stackable Dining Chair Set of 2,319.00
Dining,COZONI Riley Dining Chair,369.00
Dining,COZONI Cleary Dining Chair Set of 2,399.00
Dining,COZONI Avery Dining Chair,229.00
Dining,COZONI Milo Stackable Dining Chair,199.00
Dining,COZONI Round Storage Unit - 3 Tier,99.00
Dining,COZONI Callum Dining Chair Set of 2,459.00
Dining,COZONI Rocky Modules Sofa,799.00
Dining,COZONI Pedro Bar Stool,199.00
Dining Chairs,COZONI Raymond Dining Chair,479.00
Dining Chairs,COZONI Lemos Dining Chair Set of 2,698.00
Dining Chairs,COZONI Avery Dining Chair,229.00
Dining Chairs,COZONI Regal Dining Chair,598.00
Dining Chairs,COZONI Hazel Stackable Dining Chair Set of 2,399.00
Dining Chairs,COZONI Cleary Dining Chair Set of 2,399.00
Dining Chairs,COZONI Anthropomorphic Chair Set of 2,499.00
Dining Chairs,COZONI TAP Chair,199.00
Dining Chairs,COZONI Farrah Dining Chair,399.00
Dining Chairs,COZONI Yvette Dining Chair Set of 2,368.00
Dining Chairs,COZONI Olsen Dining Chair,399.00
Dining Chairs,COZONI Colin Dining Chair,399.00
Dining Chairs,COZONI Zosia Dining Chair Set of 2,368.00
Dining Chairs,COZONI Kelsey Dining Chair,259.00
Dining Chairs,COZONI Kami Stackable Dining Chair Set of 2,399.00
Dining Chairs,COZONI Rex Dining Chair,399.00
Dining Chairs,COZONI Etta Dining Chair,399.00
Dining Chairs,COZONI Meade Dining Chair,349.00
Dining Chairs,COZONI Russell Dining Chair,399.00
Dining Chairs,COZONI Miles Dining Chair,369.00
Dining Chairs,COZONI Solomon Dining Chair,399.00
Dining Chairs,COZONI Lucas Dining Chair,399.00
Dining Chairs,COZONI Nemo Dining Chair with Natural Timber Legs,219.00
Dining Chairs,COZONI Marsden Dining Chair,399.00
Dining Chairs,COZONI Reese Stackable Dining Chair Set of 2,359.00
Dining Chairs,COZONI Ford Dining Chair,219.00
Dining Chairs,COZONI Nolan Dining Chair,319.00
Dining Chairs,COZONI Nolan Armchair,599.00
Dining Chairs,COZONI Tulip Stackable Dining Chair Set of 2,359.00
Dining Chairs,COZONI Calvin Chair,199.00
Dining Chairs,COZONI Folding Stool,179.00
Dining Chairs,COZONI Harvey Dining Chair,199.00
Dining Chairs,COZONI Tara Dining Chair,349.00
Dining Chairs,COZONI Simona Dining Chair,379.00
Dining Chairs,COZONI Folding Armchair,299.00
Dining Chairs,COZONI Mesh Bucket Dining Chair - Set of 4,499.00
Dining Chairs,COZONI Ian Dining Chair,359.00
Dining Chairs,COZONI Nemo Office Chair,259.00
Dining Chairs,COZONI Fabian Outdoor Stackable Dining Chair Set of 2,359.00
Dining Chairs,COZONI Sawyer Dining Chair,349.00
Dining Chairs,COZONI Kaito Knot Dining Chair,499.00
Dining Chairs,COZONI Lance Dining Chair,219.00
Dining Chairs,COZONI Cameron Bench Seat,629.00
Dining Chairs,COZONI Lance Dining Chair - Full Upholstery,268.00
Dining Chairs,COZONI Lemos Stool,259.00
Dining Chairs,COZONI Lindsey Dining Chair Set of 2,399.00
Dining Chairs,COZONI Dorian Stackable Dining Chair Set of 2,559.00
Dining Chairs,COZONI Carter Stackable Dining Chair Set of 2,319.00
Dining Chairs,COZONI Riley Dining Chair,369.00
Dining Chairs,COZONI Renato Stackable Counter Stool Set of 2,259.00
Dining Chairs,COZONI Milo Stackable Dining Chair,199.00
Dining Chairs,COZONI Elon Dining Chair,498.00
Dining Chairs,COZONI Callum Dining Chair Set of 2,459.00
Dining Chairs,COZONI Pedro Bar Stool,199.00
Dining Stools,COZONI Set of 4 Petal Stools,189.00
Dining Stools,COZONI Nela Stool,399.00
Dining Stools,COZONI Marva Stool,79.00
Dining Stools,COZONI Organ Stool,399.00
Dining Stools,COZONI Reine Stool,99.00
Dining Stools,COZONI Boyd Stool,99.00
Dining Stools,COZONI Lole Stool,49.00
Dining Stools,COZONI Folding Stool,179.00
Dining Stools,COZONI Lemos Stool,259.00
Dining Stools,COZONI Hyman Round Bar Table,399.00
Dining Stools,COZONI Renato Stackable Counter Stool Set of 2,259.00
Dining Tables,COZONI Hyman Round Bar Table,399.00
Dining Tables,COZONI Lana Round Outdoor Table,399.00
Dining Tables,COZONI Lemos Coffee Table,429.00
Dining Tables,COZONI Hyman Square Dining Table,399.00
Dining Tables,COZONI Brynn Table,1999.00
Dining Tables,COZONI Marka Round Outdoor Side Table,179.00
Dining Tables,COZONI Ethan Dining Table,2099.00
Dining Tables,COZONI Baroque Dining Table,1699.00
Dining Tables,COZONI Luis Dining Table,1199.00
Dining Tables,COZONI Cora Dining Table,2390.00
Dining Tables,COZONI Doric Round Table,1799.00
Dining Tables,COZONI Rowan Dining Table,2349.00
Dining Tables,COZONI Benjamin Dining Table,1698.00
Drawers Trolleys,COZONI Modular Drawer Unit On Wheels,279.00
Drawers Trolleys,COZONI Knox Drawers,279.00
Drawers Trolleys,COZONI Bob Trolley,299.00
Drawers Trolleys,COZONI Round Storage Unit - 3 Tier,99.00
Drawers Trolleys,COZONI Rafa Bedside Table,299.00
Drawers Trolleys,COZONI Stackable 2-Drawer Trolley,99.00
Drawers Trolleys,COZONI Cleo Food Trolley | Bar Cart,239.00
Drawers Trolleys,COZONI Reed 3 Drawer Set,139.00
Drawers Trolleys,COZONI Nico Rolling Cabinet,189.00
Drawers Trolleys,COZONI Cube Side Table,199.00
Drawers Trolleys,COZONI Cassius Nightstand,559.00
Drawers Trolleys,COZONI Egbert Bedside Table,599.00
Drawers Trolleys,COZONI Casey Side Table,759.00
Drawers Trolleys,COZONI Logan Bedside Table,799.00
Drawers Trolleys,COZONI Vernon Bedside Table,598.00
Folding Chairs,COZONI Folding Stool,179.00
Folding Chairs,COZONI Folding Armchair,299.00
Furnishing Accessories,COZONI Magazine Rack,128.00
Furnishing Accessories,COZONI Folding Step Ladder,199.00
Furnishing Accessories,COZONI Cheese Floor Mirror,728.00
Furnishing Accessories,COZONI Triangle Umbrella Stand,109.00
Furnishing Accessories,COZONI Wavy Floor Mirror,799.00
Furnishing Accessories,COZONI Isabella Room Divider - 3 Panel screen,1499.00
Furnishing Accessories,COZONI Petal Umbrella Stand,139.00
Kids,COZONI Outdoor Kid‘s Chair,89.00
Kids,COZONI Outdoor Kid‘s Table,359.00
Kids,Dumbo Kids Chair,99.00
Living,COZONI Marva Stool,79.00
Living,Dumbo Armchair,598.00
Living,COZONI Folding Step Ladder,199.00
Living,COZONI Wavy Floor Mirror,799.00
Living,COZONI Checkerboard Side Table,498.00
Living,COZONI Orion Upholstered Lounge Chair,1099.00
Living,COZONI Otto Lounge - Low back,1699.00
Living,COZONI Vanessa Coffee Table,1599.00
Living,COZONI Pamela Round Coffee Table,1099.00
Living,COZONI Orion Sofa,1698.00
Living,COZONI Reine Stool,99.00
Living,COZONI Set of 4 Petal Stools,189.00
Living,COZONI Vemb Bench Seat,499.00
Living,COZONI Kama Modular Sofa,899.00
Living,COZONI Ken Lounge Chair - Genuine Leather,1999.00
Living,COZONI Boyd Stool,99.00
Living,COZONI Checkerboard Bench Seat,799.00
Living,COZONI Stackable 2-Drawer Trolley,99.00
Living,COZONI Cube Side Table,199.00
Living,COZONI Folding Stool,179.00
Living,COZONI Seno Side Table,659.00
Living,COZONI Organ Stool,399.00
Living,COZONI Folding Armchair,299.00
Living,COZONI Nela Stool,399.00
Living,COZONI Organ Bench Seat,599.00
Living,COZONI TAP Chair,199.00
Living,COZONI Checkerboard Stool,499.00
Living,COZONI Cleo Food Trolley | Bar Cart,239.00
Living,COZONI Fred Swivel Armchair Set of 2,2199.00
Living,COZONI Modular Drawer Unit On Wheels,279.00
Living,COZONI Bob Trolley,299.00
Living,COZONI Stella Boucle Swivel Chair,309.00
Living,COZONI Brandee Armchair,1169.00
Living,COZONI Cheese Floor Mirror,728.00
Living,COZONI Maya Side Table,399.00
Living,COZONI Frank Side Table with Magazine holder,399.00
Living,COZONI Enzo Side Table,299.00
Living,COZONI Magazine Rack,128.00
Living,COZONI Pearce Sofa - 4 seater,2498.00
Living,COZONI Theo Armchair,1198.00
Living,COZONI Darren Easy Chair,598.00
Living,COZONI Alexander Sofa - 2 Seater,1399.00
Living,COZONI Elsa TV Unit,2199.00
Living,COZONI Aubrey Modular Sofa,1299.00
Living,COZONI Otto Privacy Lounge Sofa,1999.00
Living,COZONI Brooklyn Armchair,999.00
Living,COZONI Mason Stool Collection,379.00
Living,COZONI Nela Bench Seat,319.00
Living,COZONI Freya Rocking Chair,899.00
Living,COZONI Cashew Boucle Sofa,2980.00
Living,COZONI Lole Stool,49.00
Living,COZONI Rafa Bedside Table,299.00
Living,COZONI Isabella Room Divider - 3 Panel screen,1499.00
Living,COZONI Carson Side Table,319.00
Living,COZONI David Coffee Table,499.00
Living,COZONI Round Storage Unit - 3 Tier,99.00
Living,COZONI Amy Ottoman - Leather,399.00
Living,COZONI Blake Lounge Chair,1098.00
Living,COZONI Ken Lounge Chair,1399.00
Living,COZONI Triangle Umbrella Stand,109.00
Living,COZONI Petal Umbrella Stand,139.00
Living,COZONI Finn Sofa,1589.00
Living,COZONI Jackson Sofa,2999.00
Living,COZONI Luis Coffee Table,859.00
Living,COZONI Solina Side Table,459.00
Living,COZONI Lino Coffee Table,850.00
Living,COZONI Basil Coffee Table,1389.00
Living,COZONI Zion TV Unit,2998.00
Living,COZONI Modular Narro Shelving Unit,258.00
Living,COZONI Ballo Coffee Table,1398.00
Living,COZONI Jael Sofa,3749.00
Living,COZONI Anton Sofa,2680.00
Living,COZONI Anco Side Table,559.00
Living,COZONI Xavier TV Unit,1999.00
Living,COZONI Roche TV Unit,2399.00
Living,COZONI Stack Coffee Table,2298.00
Living,COZONI Venosa Sofa,1599.00
Living,COZONI Flora Swivel Chair,399.00
Living,COZONI Elwin Rotating Side Table,499.00
Living,COZONI Emery Side Table,299.00
Living,COZONI Nirvana Modular Sofa,1299.00
Living,COZONI Cameron Bench Seat,629.00
Living,COZONI Dove Velvet Armchair,1399.00
Living,COZONI Callie Side Table,399.00
Living,COZONI Donte Armchair,1598.00
Living,COZONI Logan Bedside Table,799.00
Living,COZONI Eltham Lounge Chair,2798.00
Living,COZONI Knox Drawers,279.00
Living,COZONI Zola Side Table,459.00
Living,COZONI Raymond Dining Chair,479.00
Living,COZONI Lawrence Sofa,3999.00
Living,COZONI Mateo TV Unit,1999.00
Living,COZONI Tulip Stackable Dining Chair Set of 2,359.00
Living,COZONI Winston Armchair Set of 2,1999.00
Living,COZONI Marsden Dining Chair,399.00
Living,COZONI Egbert Sideboard - 6 Drawers,2199.00
Living,COZONI Egbert Bedside Table,599.00
Living,COZONI Solomon Dining Chair,399.00
Living,COZONI Romeo Modular Sofa,2699.00
Living,COZONI Ellison Armchair Set of 2,1899.00
Living,COZONI Hourglass Stool,79.00
Living,COZONI Reese Stackable Dining Chair Set of 2,359.00
Living,COZONI Herman Bench,798.00
Living,COZONI Silas Stool,99.00
Living,COZONI Lionel Armchair,1799.00
Living,COZONI Colin Dining Chair,399.00
Living,COZONI Blaine Sectional Sofa,899.00
Living,COZONI Shane Lounge Chair,1099.00
Living,COZONI Cassius Nightstand,559.00
Living,COZONI Marka Round Outdoor Side Table,179.00
Living,COZONI Brynn Table,1999.00
Living,COZONI Egbert Sideboard,2199.00
Living,COZONI Miles Dining Chair,369.00
Living,COZONI Casey Side Table,759.00
Living,COZONI Russell Dining Chair,399.00
Living,COZONI Kelsey Dining Chair,259.00
Living,COZONI Nolan Armchair,599.00
Living,COZONI Hedda Stackable Dining Chair Set of 2,359.00
Living,COZONI Winston 2 Seater Lounge Chair,1699.00
Living,COZONI Etta Dining Chair,399.00
Living,COZONI Hyman Round Bar Table,399.00
Living,COZONI Hyman Square Dining Table,399.00
Living,COZONI Lemos Coffee Table,429.00
Living,COZONI Farrah Dining Chair,399.00
Living,COZONI Wayne Modular Sofa - Dark Green,719.00
Living,COZONI Wayne Modular Sofa - Ivory,719.00
Living,COZONI Milo Modular Sofa,1799.00
Living,COZONI Lana Round Outdoor Table,399.00
Living,COZONI Olsen Dining Chair,399.00
Living,COZONI Callum Dining Chair Set of 2,459.00
Living,COZONI Molly Cat House,159.00
Living,COZONI Selene Coffee Table,498.00
Living,COZONI Vernon Bedside Table,598.00
Living,COZONI Bottoni Side Table,398.00
Living,COZONI Pavo Privacy Lounge Chair,1899.00
Living,COZONI Lance Upholstered Office Chair,259.00
Living,COZONI Galena Sofa,2399.00
Living,COZONI Cello 2 Seater Sofa,1389.00
Living,COZONI Elton Shelving Unit,999.00
Living,COZONI Lindsey Dining Chair Set of 2,399.00
Living,COZONI Biancca Swivel Lounge Chair,1499.00
Living,COZONI Dorian Bar Stool,319.00
Living,COZONI Dorian Stackable Dining Chair Set of 2,559.00
Living,COZONI Carter Stackable Dining Chair Set of 2,319.00
Living,COZONI Bruno Office Chair,239.00
Living,COZONI Riley Dining Chair,369.00
Living,COZONI Reed 3 Drawer Set,139.00
Living,COZONI Nico Rolling Cabinet,189.00
Living,COZONI Cleary Dining Chair Set of 2,399.00
Living,COZONI Cleary Bar Stool,229.00
Living,COZONI Avery Dining Chair,229.00
Living,COZONI Renato Stackable Counter Stool Set of 2,259.00
Living,COZONI Milo Stackable Dining Chair,199.00
Living,COZONI Sorrento Sofa,1999.00
Living,COZONI Yvette Dining Chair Set of 2,368.00
Living,COZONI Zosia Dining Chair Set of 2,368.00
Living,COZONI Kenneth Side Table,249.00
Living,COZONI Elon Dining Chair,498.00
Living,COZONI Concord Office Chair with Natural Timber Legs,299.00
Living,COZONI Rocky Modules Sofa,799.00
Living,COZONI Caspian 3 Seater Leather Sofa,4999.00
Living,COZONI Pedro Bar Stool,199.00
Lounge Chairs,COZONI Fred Swivel Armchair Set of 2,2199.00
Lounge Chairs,COZONI Lionel Armchair,1799.00
Lounge Chairs,COZONI Ellison Armchair Set of 2,1899.00
Lounge Chairs,COZONI Shane Lounge Chair,1099.00
Lounge Chairs,COZONI Freya Rocking Chair,899.00
Lounge Chairs,COZONI Pavo Privacy Lounge Chair,1899.00
Lounge Chairs,COZONI Alexander Sofa - 2 Seater,1399.00
Lounge Chairs,COZONI Ken Lounge Chair - Genuine Leather,1999.00
Lounge Chairs,COZONI Stella Boucle Swivel Chair,309.00
Lounge Chairs,COZONI Nolan Armchair,599.00
Lounge Chairs,COZONI Blake Lounge Chair,1098.00
Lounge Chairs,COZONI Alexander Armchair,999.00
Lounge Chairs,COZONI Dove Velvet Armchair,1399.00
Lounge Chairs,COZONI Winston Armchair Set of 2,1999.00
Lounge Chairs,COZONI Herman Bench,798.00
Lounge Chairs,Dumbo Armchair,598.00
Lounge Chairs,COZONI Ape Stackable Armchair,299.00
Lounge Chairs,COZONI Folding Armchair,299.00
Lounge Chairs,COZONI Brandee Armchair,1169.00
Lounge Chairs,COZONI Brooklyn Armchair,999.00
Lounge Chairs,COZONI Theo Armchair,1198.00
Lounge Chairs,COZONI Ken Lounge Chair,1399.00
Lounge Chairs,COZONI Flora Swivel Chair,399.00
Lounge Chairs,COZONI Donte Armchair,1598.00
Lounge Chairs,COZONI Eltham Lounge Chair,2798.00
Lounge Chairs,COZONI Wayne Modular Sofa - Dark Green,719.00
Lounge Chairs,COZONI Cello 2 Seater Sofa,1389.00
Lounge Chairs,COZONI Biancca Swivel Lounge Chair,1499.00
Mirrors,COZONI Cheese Floor Mirror,728.00
Mirrors,COZONI Wavy Floor Mirror,799.00
New,COZONI Pedro Bar Stool,199.00
New,COZONI Caspian 3 Seater Leather Sofa,4999.00
New,COZONI Rocky Modules Sofa,799.00
New,COZONI Concord Office Chair with Natural Timber Legs,299.00
New,COZONI Elon Dining Chair,498.00
New,COZONI Kenneth Side Table,249.00
New,COZONI Zosia Dining Chair Set of 2,368.00
New,COZONI Yvette Dining Chair Set of 2,368.00
New,COZONI Sorrento Sofa,1999.00
New,COZONI Milo Stackable Dining Chair,199.00
New,COZONI Renato Stackable Counter Stool Set of 2,259.00
New,COZONI Avery Dining Chair,229.00
New,COZONI Cleary Bar Stool,229.00
New,COZONI Cleary Dining Chair Set of 2,399.00
New,COZONI Nico Rolling Cabinet,189.00
New,COZONI Reed 3 Drawer Set,139.00
New,COZONI Riley Dining Chair,369.00
New,COZONI Bruno Office Chair,239.00
New,COZONI Carter Stackable Dining Chair Set of 2,319.00
New,COZONI Dorian Stackable Dining Chair Set of 2,559.00
New,COZONI Dorian Bar Stool,319.00
New,COZONI Biancca Swivel Lounge Chair,1499.00
New,COZONI Lindsey Dining Chair Set of 2,399.00
New,COZONI Elton Shelving Unit,999.00
New,COZONI Cello 2 Seater Sofa,1389.00
New,COZONI Galena Sofa,2399.00
New,COZONI Lance Upholstered Office Chair,259.00
New,COZONI Pavo Privacy Lounge Chair,1899.00
New,COZONI Bottoni Side Table,398.00
New,COZONI Vernon Bedside Table,598.00
New,COZONI Selene Coffee Table,498.00
New,COZONI Molly Cat House,159.00
New,COZONI Callum Dining Chair Set of 2,459.00
New,COZONI Olsen Dining Chair,399.00
New,COZONI Lana Round Outdoor Table,399.00
New,COZONI Milo Modular Sofa,1799.00
New,COZONI Wayne Modular Sofa - Ivory,719.00
New,COZONI Lance Office Chair Set of 2,359.00
New,COZONI Wayne Modular Sofa - Dark Green,719.00
New,COZONI Farrah Dining Chair,399.00
New,COZONI Lemos Coffee Table,429.00
New,COZONI Hyman Square Dining Table,399.00
New,COZONI Hyman Round Bar Table,399.00
New,COZONI Etta Dining Chair,399.00
New,COZONI Winston 2 Seater Lounge Chair,1699.00
New,COZONI Hedda Stackable Dining Chair Set of 2,359.00
New,COZONI Nolan Armchair,599.00
New,COZONI Kelsey Dining Chair,259.00
New,COZONI Russell Dining Chair,399.00
New,COZONI Casey Side Table,759.00
New,COZONI Brynn Table,1999.00
New,COZONI Marka Round Outdoor Side Table,179.00
New,COZONI Cassius Nightstand,559.00
New,COZONI Shane Lounge Chair,1099.00
New,COZONI Blaine Sectional Sofa,899.00
New,COZONI Colin Dining Chair,399.00
New,COZONI Lionel Armchair,1799.00
New,COZONI Silas Stool,99.00
New,COZONI Herman Bench,798.00
New,COZONI Reese Stackable Dining Chair Set of 2,359.00
New,COZONI Hourglass Stool,79.00
New,COZONI Ellison Armchair Set of 2,1899.00
New,COZONI Romeo Modular Sofa,2699.00
New,COZONI Solomon Dining Chair,399.00
New,COZONI Egbert Bedside Table,599.00
New,COZONI Kami Stackable Dining Chair Set of 2,399.00
New,COZONI Egbert Sideboard - 6 Drawers,2199.00
New,COZONI Marsden Dining Chair,399.00
New,COZONI | GIFT CARD,50.00
New,COZONI Fabian Outdoor Stackable Dining Chair Set of 2,359.00
New,COZONI Winston Armchair Set of 2,1999.00
New,COZONI Tulip Stackable Dining Chair Set of 2,359.00
New,COZONI Ape Stackable Armchair,299.00
New,COZONI Jasper Office Chair,339.00
New,COZONI Egbert Sideboard,2199.00
New,COZONI Noah Bar Stool,259.00
New,COZONI Mateo TV Unit,1999.00
New,COZONI Lawrence Sofa,3999.00
New,COZONI Raymond Dining Chair,479.00
New,COZONI Orion Sofa,1698.00
New,COZONI Orion Upholstered Lounge Chair,1099.00
New,COZONI Ethan Dining Table,2099.00
New,COZONI Otto Lounge - Low back,1699.00
New,COZONI Vanessa Coffee Table,1599.00
New,COZONI Kama Modular Sofa,899.00
New,COZONI Calvin Chair,199.00
New,COZONI Nolan Dining Chair,319.00
New,COZONI Ken Lounge Chair - Genuine Leather,1999.00
New,COZONI Harvey Dining Chair,199.00
New,COZONI Simona Dining Chair,379.00
New,COZONI Mateo Sideboard,2499.00
New,COZONI Organ Stool,399.00
New,COZONI Vemb Bench Seat,499.00
New,COZONI Folding Armchair,299.00
New,COZONI Nela Stool,399.00
New,COZONI Organ Bench Seat,599.00
New,COZONI TAP Chair,199.00
New,COZONI Checkerboard Stool,499.00
New,COZONI Checkerboard Bench Seat,799.00
New,COZONI Cleo Food Trolley | Bar Cart,239.00
New,COZONI Fred Swivel Armchair Set of 2,2199.00
New,COZONI Modular Drawer Unit On Wheels,279.00
New,COZONI Reine Stool,99.00
New,COZONI Regal Dining Chair,598.00
New,COZONI Stella Boucle Swivel Chair,309.00
New,COZONI Checkerboard Side Table,498.00
New,COZONI Brandee Armchair,1169.00
New,COZONI Cheese Floor Mirror,728.00
New,COZONI Nemo Office Chair,259.00
New,COZONI Frank Side Table with Magazine holder,399.00
New,COZONI Rex Dining Chair,399.00
New,COZONI Lucas Dining Chair,399.00
New,COZONI Luis Dining Table,1199.00
New,Dumbo Armchair,598.00
New,COZONI Enzo Side Table,299.00
New,COZONI Meade Dining Chair,349.00
New,COZONI Magazine Rack,128.00
New,COZONI Cora Dining Table,2390.00
New,COZONI Pearce Sofa - 4 seater,2498.00
New,COZONI Theo Armchair,1198.00
New,COZONI Evan Bar Stool,189.00
New,COZONI Cooper Bar Stool 29.8'',399.00
New,COZONI Ian Dining Chair,359.00
New,COZONI Darren Easy Chair,598.00
New,COZONI Alexander Armchair,999.00
New,COZONI Alexander Sofa - 2 Seater,1399.00
New,COZONI Elsa TV Unit,2199.00
New,COZONI Aubrey Modular Sofa,1299.00
New,COZONI Otto Privacy Lounge Sofa,1999.00
New,COZONI Brooklyn Armchair,999.00
New,COZONI Mason Stool Collection,379.00
New,COZONI Pamela Round Coffee Table,1099.00
New,COZONI Nela Bench Seat,319.00
New,COZONI Landon Bar Stool,389.00
New,COZONI Freya Rocking Chair,899.00
New,COZONI Doric Round Table,1799.00
New,COZONI Hazel Stackable Dining Chair Set of 2,399.00
New,Dumbo Kids Chair,99.00
New,COZONI Cashew Boucle Sofa,2980.00
New,COZONI Lole Stool,49.00
New,COZONI Rafa Bedside Table,299.00
New,COZONI Roel Working Desk,1798.00
New,COZONI Isabella Room Divider - 3 Panel screen,1499.00
New,COZONI Wavy Floor Mirror,799.00
New,COZONI Finley Office Chair,259.00
New,COZONI Carson Side Table,319.00
New,COZONI Bob Trolley,299.00
New,COZONI David Coffee Table,499.00
New,COZONI Round Storage Unit - 3 Tier,99.00
New,COZONI Amy Ottoman - Leather,399.00
New,COZONI Rowan Dining Table,2349.00
New,COZONI Blake Lounge Chair,1098.00
New,COZONI Ken Lounge Chair,1399.00
New,COZONI Triangle Umbrella Stand,109.00
New,COZONI Petal Umbrella Stand,139.00
New,COZONI Finn Sofa,1589.00
New,COZONI Jackson Sofa,2999.00
New,COZONI Luis Coffee Table,859.00
New,COZONI Benjamin Dining Table,1698.00
New,COZONI Solina Side Table,459.00
New,COZONI Seno Side Table,659.00
New,COZONI Beau Coffee Table,1098.00
New,COZONI Lino Coffee Table,850.00
New,COZONI Sawyer Dining Chair,349.00
New,COZONI Basil Coffee Table,1389.00
New,COZONI Zion TV Unit,2998.00
New,COZONI Modular Narro Shelving Unit,258.00
New,COZONI Ballo Coffee Table,1398.00
New,COZONI Zion 2 Door Sideboard,2580.00
New,COZONI Jael Sofa,3749.00
New,COZONI Anton Sofa,2680.00
New,COZONI Rita Dining Bar Stool,399.00
New,COZONI Anco Side Table,559.00
New,COZONI Lemos Dining Chair Set of 2,698.00
New,COZONI Marva Stool,79.00
New,COZONI Xavier TV Unit,1999.00
New,COZONI Roche TV Unit,2399.00
New,COZONI Stack Coffee Table,2298.00
New,COZONI Venosa Sofa,1599.00
New,COZONI Flora Swivel Chair,399.00
New,COZONI Elwin Rotating Side Table,499.00
New,COZONI Emery Side Table,299.00
New,COZONI Miles Dining Chair,369.00
New,COZONI Nirvana Modular Sofa,1299.00
New,COZONI Cameron Bench Seat,629.00
New,COZONI Ford Dining Chair,219.00
New,COZONI Kaito Knot Dining Chair,499.00
New,COZONI Lemos Bar Stool,499.00
New,COZONI Dove Velvet Armchair,1399.00
New,COZONI Lance Dining Chair,219.00
New,COZONI Zion 4 Door Sideboard,3298.00
New,COZONI Tara Dining Chair,349.00
New,COZONI Callie Side Table,399.00
New,COZONI Donte Armchair,1598.00
New,COZONI Logan Bedside Table,799.00
New,COZONI Eltham Lounge Chair,2798.00
New,COZONI Knox Drawers,279.00
New,COZONI Lance Dining Chair - Full Upholstery,268.00
New,COZONI Zola Side Table,459.00
New,COZONI Lemos Stool,259.00
Office Chairs,COZONI Nemo Dining Chair with Natural Timber Legs,219.00
Office Chairs,COZONI Lance Upholstered Office Chair,259.00
Office Chairs,COZONI Finley Office Chair,259.00
Office Chairs,COZONI Lance Office Chair Set of 2,359.00
Office Chairs,COZONI Harvey Dining Chair,199.00
Office Chairs,COZONI Pavo Privacy Lounge Chair,1899.00
Office Chairs,COZONI Calvin Chair,199.00
Office Chairs,COZONI Nemo Office Chair,259.00
Office Chairs,COZONI Nolan Dining Chair,319.00
Office Chairs,COZONI Nolan Armchair,599.00
Office Chairs,COZONI Jasper Office Chair,339.00
Office Chairs,COZONI Rex Dining Chair,399.00
Office Chairs,COZONI Ken Lounge Chair - Genuine Leather,1999.00
Office Chairs,COZONI Tulip Stackable Dining Chair Set of 2,359.00
Office Chairs,COZONI Ape Stackable Armchair,299.00
Office Chairs,COZONI Sawyer Dining Chair,349.00
Office Chairs,COZONI Anthropomorphic Chair Set of 2,499.00
Office Chairs,COZONI Folding Armchair,299.00
Office Chairs,COZONI TAP Chair,199.00
Office Chairs,COZONI Fred Swivel Armchair Set of 2,2199.00
Office Chairs,COZONI Lucas Dining Chair,399.00
Office Chairs,COZONI Darren Easy Chair,598.00
Office Chairs,COZONI Kaito Knot Dining Chair,499.00
Office Chairs,COZONI Lance Dining Chair,219.00
Office Chairs,COZONI Lance Dining Chair - Full Upholstery,268.00
Office Chairs,COZONI Orion Upholstered Lounge Chair,1099.00
Office Chairs,COZONI Kami Stackable Dining Chair Set of 2,399.00
Office Chairs,COZONI Hazel Stackable Dining Chair Set of 2,399.00
Office Chairs,COZONI Reese Stackable Dining Chair Set of 2,359.00
Office Chairs,COZONI Etta Dining Chair,399.00
Office Chairs,COZONI Cello 2 Seater Sofa,1389.00
Office Chairs,COZONI Bruno Office Chair,239.00
Office Chairs,COZONI Avery Dining Chair,229.00
Office Chairs,COZONI Concord Office Chair with Natural Timber Legs,299.00
Office Chairs,COZONI Callum Dining Chair Set of 2,459.00
Sideboards,COZONI Egbert Sideboard - 6 Drawers,2199.00
Sideboards,COZONI Egbert Sideboard,2199.00
Sideboards,COZONI Mateo Sideboard,2499.00
Sideboards,COZONI Zion 2 Door Sideboard,2580.00
Sideboards,COZONI Zion 4 Door Sideboard,3298.00
